{
  "accuracy": 0.8358269308532147,
  "precision_binary": 0.9969897652016857,
  "recall_binary": 0.8050559066601848,
  "f1_binary": 0.8908015061861216,
  "precision_macro": 0.7515737003348331,
  "recall_macro": 0.8965183379454771,
  "f1_macro": 0.7800913068389892,
  "precision_weighted": 0.9144235840576416,
  "recall_weighted": 0.8358269308532147,
  "f1_weighted": 0.8535548883709926,
  "roc_auc": 0.9811894948300364,
  "pr_auc": 0.9960326156380565
}